time_utc,open,high,low,close,tick_volume,spread_points,p_long_raw,p_short_raw,p_none_raw,p_long_smooth,p_short_smooth,p_none_smooth,top_class,top_prob,delta_gap,accepted,cfg_p,cfg_delta,realized_dir,correct
2023-04-09 23:45:00,2005.6,2005.72,2004.78,2005.6,959,0.009999999999990905,0.746962,0.252493,0.000545,0.755977,0.243515,0.000508,Long,0.759841,0.520174,1,0.55,0.12,None,0
2023-04-10 00:00:00,2005.6,2005.6,2005.6,2005.6,2,0.009999999999990905,0.746962,0.252493,0.000545,0.755977,0.243515,0.000508,Long,0.755977,0.512462,1,0.55,0.12
2023-04-10 00:00:00,2005.6,2005.85,2003.01,2005.6,1308,0.009999999999990905,0.743666,0.255785,0.000549,0.752284,0.247196,0.000520,Long,0.755977,0.512462,1,0.55,0.12,Short,0
2023-04-10 00:15:00,2003.02,2003.02,2003.02,2003.02,2,0.009999999999990905,0.743666,0.255785,0.000549,0.752284,0.247196,0.000520,Long,0.752284,0.505088,1,0.55,0.12
2023-04-10 00:15:00,2003.02,2003.83,2002.56,2003.02,1228,0.009999999999990905,0.740099,0.259346,0.000556,0.748628,0.250841,0.000531,Long,0.752284,0.505088,1,0.55,0.12,Short,0
2023-04-10 00:30:00,2002.9,2002.9,2002.9,2002.9,2,0.009999999999990905,0.740099,0.259346,0.000556,0.748628,0.250841,0.000531,Long,0.748628,0.497787,1,0.55,0.12
2023-04-10 00:30:00,2002.9,2002.92,1999.8,2002.9,1251,0.009999999999990905,0.733387,0.266044,0.000570,0.744056,0.255402,0.000542,Long,0.748628,0.497787,1,0.55,0.12,Short,0
2023-04-10 00:45:00,2000.28,2000.28,2000.28,2000.28,2,0.009999999999990905,0.733387,0.266044,0.000570,0.744056,0.255402,0.000542,Long,0.744056,0.488654,1,0.55,0.12
2023-04-10 00:45:00,2000.28,2000.29,1997.64,2000.28,1562,0.009999999999990905,0.726227,0.273189,0.000584,0.738707,0.260738,0.000555,Long,0.744056,0.488654,1,0.55,0.12,Short,0
2023-04-10 01:00:00,1998.38,1998.38,1998.38,1998.38,2,0.009999999999990905,0.726227,0.273189,0.000584,0.738707,0.260738,0.000555,Long,0.738707,0.477969,1,0.55,0.12
2023-04-10 01:00:00,1998.38,2000.1,1995.57,1998.38,2616,0.009999999999990905,0.714799,0.284598,0.000603,0.731535,0.267896,0.000569,Long,0.738707,0.477969,1,0.55,0.12,Long,1
2023-04-10 01:15:00,2000.04,2000.04,2000.04,2000.04,2,0.009999999999990905,0.714799,0.284598,0.000603,0.731535,0.267896,0.000569,Long,0.731535,0.463639,1,0.55,0.12
2023-04-10 01:15:00,2000.04,2000.7,1998.24,2000.04,1820,0.009999999999990905,0.700716,0.298651,0.000633,0.722289,0.277123,0.000588,Long,0.731535,0.463639,1,0.55,0.12,Short,0
2023-04-10 01:30:00,1999.46,1999.46,1999.46,1999.46,2,0.009999999999990905,0.700716,0.298651,0.000633,0.722289,0.277123,0.000588,Long,0.722289,0.445167,1,0.55,0.12
2023-04-10 01:30:00,1999.46,1999.68,1997.26,1999.46,1829,0.009999999999990905,0.683947,0.315398,0.000655,0.710786,0.288605,0.000608,Long,0.722289,0.445167,1,0.55,0.12,Short,0
2023-04-10 01:45:00,1998.22,1998.22,1998.22,1998.22,2,0.009999999999990905,0.683947,0.315398,0.000655,0.710786,0.288605,0.000608,Long,0.710786,0.422181,1,0.55,0.12
2023-04-10 01:45:00,1998.22,1998.26,1996.04,1998.22,1416,0.009999999999990905,0.673530,0.325804,0.000666,0.699609,0.299765,0.000626,Long,0.710786,0.422181,1,0.55,0.12,Short,0
2023-04-10 02:00:00,1997.09,1997.09,1997.09,1997.09,2,0.009999999999990905,0.673530,0.325804,0.000666,0.699609,0.299765,0.000626,Long,0.699609,0.399844,1,0.55,0.12
2023-04-10 02:00:00,1997.09,1997.22,1994.27,1997.09,1489,0.009999999999990905,0.661237,0.338087,0.000675,0.688098,0.311262,0.000641,Long,0.699609,0.399844,1,0.55,0.12,Short,0
2023-04-10 02:15:00,1995.36,1995.36,1995.36,1995.36,2,0.009999999999990905,0.661237,0.338087,0.000675,0.688098,0.311262,0.000641,Long,0.688098,0.376836,1,0.55,0.12
2023-04-10 02:15:00,1995.36,1995.59,1993.76,1995.36,1117,0.009999999999990905,0.655131,0.344181,0.000688,0.678208,0.321138,0.000655,Long,0.688098,0.376836,1,0.55,0.12,Short,0
2023-04-10 02:30:00,1994.16,1994.16,1994.16,1994.16,2,0.009999999999990905,0.655131,0.344181,0.000688,0.678208,0.321138,0.000655,Long,0.678208,0.357070,1,0.55,0.12
2023-04-10 02:30:00,1994.16,1994.38,1991.6,1994.16,1700,0.009999999999990905,0.651622,0.347665,0.000712,0.670232,0.329096,0.000672,Long,0.678208,0.357070,1,0.55,0.12,Short,0
2023-04-10 02:45:00,1991.52,1991.52,1991.52,1991.52,2,0.009999999999990905,0.651622,0.347665,0.000712,0.670232,0.329096,0.000672,Long,0.670232,0.341136,1,0.55,0.12
2023-04-10 02:45:00,1991.52,1991.88,1988.88,1991.52,1814,0.009999999999990905,0.655077,0.344180,0.000742,0.665686,0.333621,0.000693,Long,0.670232,0.341136,1,0.55,0.12,Short,0
2023-04-10 03:00:00,1991.14,1991.14,1991.14,1991.14,2,0.009999999999990905,0.655077,0.344180,0.000742,0.665686,0.333621,0.000693,Long,0.665686,0.332064,1,0.55,0.12
2023-04-10 03:00:00,1991.14,1992.12,1990.41,1991.14,1207,0.009999999999990905,0.659520,0.339734,0.000746,0.663836,0.335455,0.000709,Long,0.665686,0.332064,1,0.55,0.12,Long,1
2023-04-10 03:15:00,1991.84,1991.84,1991.84,1991.84,2,0.009999999999990905,0.659520,0.339734,0.000746,0.663836,0.335455,0.000709,Long,0.663836,0.328381,1,0.55,0.12
2023-04-10 03:15:00,1991.84,1992.78,1991.6,1991.84,1012,0.009999999999990905,0.665171,0.334100,0.000728,0.664237,0.335049,0.000715,Long,0.663836,0.328381,1,0.55,0.12,Long,1
2023-04-10 03:30:00,1992.77,1992.77,1992.77,1992.77,2,0.009999999999990905,0.665171,0.334100,0.000728,0.664237,0.335049,0.000715,Long,0.664237,0.329188,1,0.55,0.12
2023-04-10 03:30:00,1992.77,1992.88,1990.95,1992.77,755,0.009999999999990905,0.667320,0.331994,0.000686,0.665161,0.334132,0.000706,Long,0.664237,0.329188,1,0.55,0.12,Short,0
2023-04-10 03:45:00,1991.1,1991.1,1991.1,1991.1,2,0.009999999999990905,0.667320,0.331994,0.000686,0.665161,0.334132,0.000706,Long,0.665161,0.331029,1,0.55,0.12
2023-04-10 03:45:00,1991.1,1991.36,1990.55,1991.1,649,0.009999999999990905,0.668662,0.330694,0.000644,0.666212,0.333101,0.000687,Long,0.665161,0.331029,1,0.55,0.12,Short,0
2023-04-10 04:00:00,1991.01,1991.01,1991.01,1991.01,2,0.009999999999990905,0.668662,0.330694,0.000644,0.666212,0.333101,0.000687,Long,0.666212,0.333111,1,0.55,0.12
2023-04-10 04:00:00,1991.01,1991.01,1989.66,1991.01,1008,0.009999999999990905,0.674102,0.325284,0.000614,0.668579,0.330756,0.000665,Long,0.666212,0.333111,1,0.55,0.12,Short,0
2023-04-10 04:15:00,1990.29,1990.29,1990.29,1990.29,2,0.009999999999990905,0.674102,0.325284,0.000614,0.668579,0.330756,0.000665,Long,0.668579,0.337823,1,0.55,0.12
2023-04-10 04:15:00,1990.29,1991.79,1990.04,1990.29,1161,0.009999999999990905,0.679919,0.319483,0.000598,0.671981,0.327374,0.000645,Long,0.668579,0.337823,1,0.55,0.12,Long,1
2023-04-10 04:30:00,1991.59,1991.59,1991.59,1991.59,2,0.009999999999990905,0.679919,0.319483,0.000598,0.671981,0.327374,0.000645,Long,0.671981,0.344607,1,0.55,0.12
2023-04-10 04:30:00,1991.59,1993.78,1991.16,1991.59,1055,0.009999999999990905,0.688890,0.310532,0.000577,0.677054,0.322321,0.000625,Long,0.671981,0.344607,1,0.55,0.12,Long,1
2023-04-10 04:45:00,1992.74,1992.74,1992.74,1992.74,2,0.009999999999990905,0.688890,0.310532,0.000577,0.677054,0.322321,0.000625,Long,0.677054,0.354732,1,0.55,0.12
2023-04-10 04:45:00,1992.74,1992.75,1992.1,1992.74,815,0.009999999999990905,0.699361,0.300095,0.000545,0.683746,0.315653,0.000601,Long,0.677054,0.354732,1,0.55,0.12,Short,0
2023-04-10 05:00:00,1992.16,1992.16,1992.16,1992.16,2,0.009999999999990905,0.699361,0.300095,0.000545,0.683746,0.315653,0.000601,Long,0.683746,0.368093,1,0.55,0.12
2023-04-10 05:00:00,1992.16,1992.94,1991.3,1992.16,1127,0.009999999999990905,0.704695,0.294768,0.000538,0.690030,0.309388,0.000582,Long,0.683746,0.368093,1,0.55,0.12,Long,1
2023-04-10 05:15:00,1992.63,1992.63,1992.63,1992.63,2,0.009999999999990905,0.704695,0.294768,0.000538,0.690030,0.309388,0.000582,Long,0.690030,0.380643,1,0.55,0.12
2023-04-10 05:15:00,1992.63,1992.69,1991.86,1992.63,463,0.009999999999990905,0.712890,0.286606,0.000505,0.696888,0.302553,0.000559,Long,0.690030,0.380643,1,0.55,0.12,Short,0
2023-04-10 05:30:00,1992.47,1992.47,1992.47,1992.47,2,0.009999999999990905,0.712890,0.286606,0.000505,0.696888,0.302553,0.000559,Long,0.696888,0.394335,1,0.55,0.12
2023-04-10 05:30:00,1992.47,1994.37,1992.32,1992.47,1159,0.009999999999990905,0.718394,0.281105,0.000501,0.703340,0.296119,0.000541,Long,0.696888,0.394335,1,0.55,0.12,Long,1
2023-04-10 05:45:00,1993.47,1993.47,1993.47,1993.47,2,0.009999999999990905,0.718394,0.281105,0.000501,0.703340,0.296119,0.000541,Long,0.703340,0.407221,1,0.55,0.12
2023-04-10 05:45:00,1993.47,1995.2,1993.25,1993.47,1328,0.009999999999990905,0.725230,0.274282,0.000488,0.709907,0.289568,0.000525,Long,0.703340,0.407221,1,0.55,0.12,Long,1
2023-04-10 06:00:00,1994.44,1994.44,1994.44,1994.44,2,0.009999999999990905,0.725230,0.274282,0.000488,0.709907,0.289568,0.000525,Long,0.709907,0.420339,1,0.55,0.12
2023-04-10 06:00:00,1994.44,1994.44,1991.72,1994.44,1407,0.009999999999990905,0.728556,0.270957,0.000487,0.715502,0.283984,0.000514,Long,0.709907,0.420339,1,0.55,0.12,Short,0
2023-04-10 06:15:00,1992.47,1992.47,1992.47,1992.47,2,0.009999999999990905,0.728556,0.270957,0.000487,0.715502,0.283984,0.000514,Long,0.715502,0.431517,1,0.55,0.12
2023-04-10 06:15:00,1992.47,1994.85,1992.35,1992.47,1157,0.009999999999990905,0.731710,0.267809,0.000481,0.720364,0.279132,0.000504,Long,0.715502,0.431517,1,0.55,0.12,Long,1
2023-04-10 06:30:00,1994.81,1994.81,1994.81,1994.81,2,0.009999999999990905,0.731710,0.267809,0.000481,0.720364,0.279132,0.000504,Long,0.720364,0.441233,1,0.55,0.12
2023-04-10 06:30:00,1994.81,1996.38,1994.66,1994.81,1185,0.009999999999990905,0.731327,0.268178,0.000496,0.723653,0.275845,0.000501,Long,0.720364,0.441233,1,0.55,0.12,Long,1
2023-04-10 06:45:00,1995.21,1995.21,1995.21,1995.21,2,0.009999999999990905,0.731327,0.268178,0.000496,0.723653,0.275845,0.000501,Long,0.723653,0.447808,1,0.55,0.12
2023-04-10 06:45:00,1995.21,1996.37,1993.85,1995.21,993,0.009999999999990905,0.728641,0.270837,0.000522,0.725149,0.274343,0.000508,Long,0.723653,0.447808,1,0.55,0.12,Long,1
2023-04-10 07:00:00,1995.86,1995.86,1995.86,1995.86,2,0.009999999999990905,0.728641,0.270837,0.000522,0.725149,0.274343,0.000508,Long,0.725149,0.450807,1,0.55,0.12
2023-04-10 07:00:00,1995.86,1996.59,1995.08,1995.86,1028,0.009999999999990905,0.728140,0.271308,0.000552,0.726047,0.273432,0.000521,Long,0.725149,0.450807,1,0.55,0.12,Long,1
2023-04-10 07:15:00,1996.3,1996.3,1996.3,1996.3,2,0.009999999999990905,0.728140,0.271308,0.000552,0.726047,0.273432,0.000521,Long,0.726047,0.452614,1,0.55,0.12
2023-04-10 07:15:00,1996.3,1996.6,1995.04,1996.3,1123,0.009999999999990905,0.726677,0.272744,0.000579,0.726236,0.273226,0.000538,Long,0.726047,0.452614,1,0.55,0.12,Short,0
2023-04-10 07:30:00,1995.65,1995.65,1995.65,1995.65,2,0.009999999999990905,0.726677,0.272744,0.000579,0.726236,0.273226,0.000538,Long,0.726236,0.453010,1,0.55,0.12
2023-04-10 07:30:00,1995.65,1996.8,1995.62,1995.65,1034,0.009999999999990905,0.724091,0.275308,0.000601,0.725592,0.273850,0.000557,Long,0.726236,0.453010,1,0.55,0.12,Long,1
2023-04-10 07:45:00,1996.41,1996.41,1996.41,1996.41,2,0.009999999999990905,0.724091,0.275308,0.000601,0.725592,0.273850,0.000557,Long,0.725592,0.451742,1,0.55,0.12
2023-04-10 07:45:00,1996.41,1997.64,1996.12,1996.41,1238,0.009999999999990905,0.717837,0.281536,0.000627,0.723266,0.276156,0.000578,Long,0.725592,0.451742,1,0.55,0.12,Long,1
2023-04-10 08:00:00,1997.47,1997.47,1997.47,1997.47,2,0.009999999999990905,0.717837,0.281536,0.000627,0.723266,0.276156,0.000578,Long,0.723266,0.447110,1,0.55,0.12
2023-04-10 08:00:00,1997.47,1998.07,1995.9,1997.47,1100,0.009999999999990905,0.711302,0.288050,0.000648,0.719676,0.279724,0.000599,Long,0.723266,0.447110,1,0.55,0.12,Long,1
2023-04-10 08:15:00,1997.85,1997.85,1997.85,1997.85,2,0.009999999999990905,0.711302,0.288050,0.000648,0.719676,0.279724,0.000599,Long,0.719676,0.439952,1,0.55,0.12
2023-04-10 08:15:00,1997.85,1998.31,1997.5,1997.85,784,0.009999999999990905,0.705443,0.293896,0.000661,0.715406,0.283976,0.000618,Long,0.719676,0.439952,1,0.55,0.12,Long,1
2023-04-10 08:30:00,1997.88,1997.88,1997.88,1997.88,2,0.009999999999990905,0.705443,0.293896,0.000661,0.715406,0.283976,0.000618,Long,0.715406,0.431431,1,0.55,0.12
2023-04-10 08:30:00,1997.88,1999.38,1997.7,1997.88,947,0.009999999999990905,0.700024,0.299321,0.000656,0.710792,0.288579,0.000629,Long,0.715406,0.431431,1,0.55,0.12,Long,1
2023-04-10 08:45:00,1998.41,1998.41,1998.41,1998.41,2,0.009999999999990905,0.700024,0.299321,0.000656,0.710792,0.288579,0.000629,Long,0.710792,0.422212,1,0.55,0.12
2023-04-10 08:45:00,1998.41,1998.69,1996.85,1998.41,788,0.009999999999990905,0.693266,0.306072,0.000662,0.705534,0.293827,0.000639,Long,0.710792,0.422212,1,0.55,0.12,Short,0
2023-04-10 09:00:00,1997.43,1997.43,1997.43,1997.43,2,0.009999999999990905,0.693266,0.306072,0.000662,0.705534,0.293827,0.000639,Long,0.705534,0.411707,1,0.55,0.12
2023-04-10 09:00:00,1997.43,1998.78,1997.05,1997.43,786,0.009999999999990905,0.689482,0.309860,0.000658,0.700718,0.298637,0.000645,Long,0.705534,0.411707,1,0.55,0.12,Long,1
2023-04-10 09:15:00,1998.75,1998.75,1998.75,1998.75,2,0.009999999999990905,0.689482,0.309860,0.000658,0.700718,0.298637,0.000645,Long,0.700718,0.402082,1,0.55,0.12
2023-04-10 09:15:00,1998.75,2000.86,1998.75,1998.75,979,0.009999999999990905,0.684910,0.314437,0.000654,0.695976,0.303377,0.000647,Long,0.700718,0.402082,1,0.55,0.12,Long,1
2023-04-10 09:30:00,2000.47,2000.47,2000.47,2000.47,2,0.009999999999990905,0.684910,0.314437,0.000654,0.695976,0.303377,0.000647,Long,0.695976,0.392599,1,0.55,0.12
2023-04-10 09:30:00,2000.47,2001.99,2000.29,2000.47,1182,0.009999999999990905,0.681446,0.317906,0.000648,0.691617,0.307736,0.000648,Long,0.695976,0.392599,1,0.55,0.12,Long,1
2023-04-10 09:45:00,2001.77,2001.77,2001.77,2001.77,2,0.009999999999990905,0.681446,0.317906,0.000648,0.691617,0.307736,0.000648,Long,0.691617,0.383881,1,0.55,0.12
2023-04-10 09:45:00,2001.77,2001.78,2000.2,2001.77,869,0.009999999999990905,0.682784,0.316586,0.000629,0.688967,0.310391,0.000642,Long,0.691617,0.383881,1,0.55,0.12,Short,0
2023-04-10 10:00:00,2000.6,2000.6,2000.6,2000.6,2,0.009999999999990905,0.682784,0.316586,0.000629,0.688967,0.310391,0.000642,Long,0.688967,0.378576,1,0.55,0.12
2023-04-10 10:00:00,2000.6,2001.35,2000.09,2000.6,944,0.009999999999990905,0.683044,0.316330,0.000626,0.687190,0.312173,0.000637,Long,0.688967,0.378576,1,0.55,0.12,Long,1
2023-04-10 10:15:00,2001,2001,2001,2001,2,0.009999999999990905,0.683044,0.316330,0.000626,0.687190,0.312173,0.000637,Long,0.687190,0.375018,1,0.55,0.12
2023-04-10 10:15:00,2001,2001.61,2000.14,2001,872,0.009999999999990905,0.684651,0.314746,0.000603,0.686428,0.312945,0.000627,Long,0.687190,0.375018,1,0.55,0.12,Short,0
2023-04-10 10:30:00,2000.96,2000.96,2000.96,2000.96,2,0.009999999999990905,0.684651,0.314746,0.000603,0.686428,0.312945,0.000627,Long,0.686428,0.373484,1,0.55,0.12
2023-04-10 10:30:00,2000.96,2002.13,1999.98,2000.96,1080,0.009999999999990905,0.686431,0.312983,0.000586,0.686429,0.312956,0.000615,Long,0.686428,0.373484,1,0.55,0.12,Long,1
2023-04-10 10:45:00,2002,2002,2002,2002,2,0.009999999999990905,0.686431,0.312983,0.000586,0.686429,0.312956,0.000615,Long,0.686429,0.373473,1,0.55,0.12
2023-04-10 10:45:00,2002,2002.82,2001.66,2002,852,0.009999999999990905,0.685695,0.313727,0.000578,0.686209,0.313187,0.000604,Long,0.686429,0.373473,1,0.55,0.12,Short,0
2023-04-10 11:00:00,2001.9,2001.9,2001.9,2001.9,2,0.009999999999990905,0.685695,0.313727,0.000578,0.686209,0.313187,0.000604,Long,0.686209,0.373021,1,0.55,0.12
2023-04-10 11:00:00,2001.9,2002.76,2001.48,2001.9,984,0.009999999999990905,0.688126,0.311309,0.000565,0.686784,0.312624,0.000592,Long,0.686209,0.373021,1,0.55,0.12,Short,0
2023-04-10 11:15:00,2001.75,2001.75,2001.75,2001.75,2,0.009999999999990905,0.688126,0.311309,0.000565,0.686784,0.312624,0.000592,Long,0.686784,0.374160,1,0.55,0.12
2023-04-10 11:15:00,2001.75,2002.1,2000.01,2001.75,1263,0.009999999999990905,0.688342,0.311080,0.000578,0.687251,0.312161,0.000588,Long,0.686784,0.374160,1,0.55,0.12,Short,0
2023-04-10 11:30:00,2000.84,2000.84,2000.84,2000.84,2,0.009999999999990905,0.688342,0.311080,0.000578,0.687251,0.312161,0.000588,Long,0.687251,0.375090,1,0.55,0.12
2023-04-10 11:30:00,2000.84,2002.14,2000.45,2000.84,2152,0.009999999999990905,0.687579,0.311818,0.000603,0.687350,0.312058,0.000593,Long,0.687251,0.375090,1,0.55,0.12,Long,1
2023-04-10 11:45:00,2001.48,2001.48,2001.48,2001.48,2,0.009999999999990905,0.687579,0.311818,0.000603,0.687350,0.312058,0.000593,Long,0.687350,0.375292,1,0.55,0.12
2023-04-10 11:45:00,2001.48,2003.02,2000.88,2001.48,1606,0.009999999999990905,0.684567,0.314814,0.000619,0.686515,0.312885,0.000601,Long,0.687350,0.375292,1,0.55,0.12,Long,1
2023-04-10 12:00:00,2001.54,2001.54,2001.54,2001.54,2,0.009999999999990905,0.684567,0.314814,0.000619,0.686515,0.312885,0.000601,Long,0.686515,0.373630,1,0.55,0.12
2023-04-10 12:00:00,2001.54,2001.99,1997.69,2001.54,2046,0.009999999999990905,0.680375,0.318995,0.000630,0.684673,0.314718,0.000609,Long,0.686515,0.373630,1,0.55,0.12,Short,0
2023-04-10 12:15:00,1998.06,1998.06,1998.06,1998.06,2,0.009999999999990905,0.680375,0.318995,0.000630,0.684673,0.314718,0.000609,Long,0.684673,0.369955,1,0.55,0.12
2023-04-10 12:15:00,1998.06,1999.79,1996.07,1998.06,3217,0.009999999999990905,0.669930,0.329415,0.000655,0.680250,0.319127,0.000623,Long,0.684673,0.369955,1,0.55,0.12,Long,1
2023-04-10 12:30:00,1999.41,1999.41,1999.41,1999.41,2,0.009999999999990905,0.669930,0.329415,0.000655,0.680250,0.319127,0.000623,Long,0.680250,0.361123,1,0.55,0.12
2023-04-10 12:30:00,1999.41,2001.47,1998.48,1999.41,2658,0.009999999999990905,0.656990,0.342319,0.000691,0.673272,0.326085,0.000644,Long,0.680250,0.361123,1,0.55,0.12,Short,0
2023-04-10 12:45:00,1998.93,1998.93,1998.93,1998.93,2,0.009999999999990905,0.656990,0.342319,0.000691,0.673272,0.326085,0.000644,Long,0.673272,0.347187,1,0.55,0.12
2023-04-10 12:45:00,1998.93,1999.34,1989.17,1998.93,3664,0.009999999999990905,0.641361,0.357921,0.000718,0.663699,0.335636,0.000666,Long,0.673272,0.347187,1,0.55,0.12,Short,0
2023-04-10 13:00:00,1989.5,1989.5,1989.5,1989.5,2,0.009999999999990905,0.641361,0.357921,0.000718,0.663699,0.335636,0.000666,Long,0.663699,0.328063,1,0.55,0.12
2023-04-10 13:00:00,1989.5,1992.38,1986.87,1989.5,4324,0.009999999999990905,0.621712,0.377534,0.000754,0.651103,0.348205,0.000692,Long,0.663699,0.328063,1,0.55,0.12,Long,1
2023-04-10 13:15:00,1991.28,1991.28,1991.28,1991.28,2,0.009999999999990905,0.621712,0.377534,0.000754,0.651103,0.348205,0.000692,Long,0.651103,0.302897,1,0.55,0.12
2023-04-10 13:15:00,1991.28,1993.18,1990.35,1991.28,2965,0.009999999999990905,0.613806,0.385426,0.000768,0.639913,0.359372,0.000715,Long,0.651103,0.302897,1,0.55,0.12,Long,1
2023-04-10 13:30:00,1992.2,1992.2,1992.2,1992.2,2,0.009999999999990905,0.613806,0.385426,0.000768,0.639913,0.359372,0.000715,Long,0.639913,0.280542,1,0.55,0.12
2023-04-10 13:30:00,1992.2,1994.35,1986.28,1992.2,3907,0.009999999999990905,0.609713,0.389520,0.000767,0.630853,0.368416,0.000731,Long,0.639913,0.280542,1,0.55,0.12,Short,0
2023-04-10 13:45:00,1988.85,1988.85,1988.85,1988.85,2,0.009999999999990905,0.609713,0.389520,0.000767,0.630853,0.368416,0.000731,Long,0.630853,0.262437,1,0.55,0.12
2023-04-10 13:45:00,1988.85,1991.49,1986.74,1988.85,3936,0.009999999999990905,0.606056,0.393181,0.000763,0.623414,0.375845,0.000740,Long,0.630853,0.262437,1,0.55,0.12,Short,0
2023-04-10 14:00:00,1988.32,1988.32,1988.32,1988.32,2,0.009999999999990905,0.606056,0.393181,0.000763,0.623414,0.375845,0.000740,Long,0.623414,0.247569,1,0.55,0.12
2023-04-10 14:00:00,1988.32,1989.15,1985.86,1988.32,3744,0.009999999999990905,0.611537,0.387699,0.000764,0.619851,0.379401,0.000747,Long,0.623414,0.247569,1,0.55,0.12,Long,1
2023-04-10 14:15:00,1988.89,1988.89,1988.89,1988.89,2,0.009999999999990905,0.611537,0.387699,0.000764,0.619851,0.379401,0.000747,Long,0.619851,0.240450,1,0.55,0.12
2023-04-10 14:15:00,1988.89,1992.02,1987.29,1988.89,3048,0.009999999999990905,0.624769,0.374466,0.000765,0.621327,0.377921,0.000753,Long,0.619851,0.240450,1,0.55,0.12,Short,0
2023-04-10 14:30:00,1987.47,1987.47,1987.47,1987.47,2,0.009999999999990905,0.624769,0.374466,0.000765,0.621327,0.377921,0.000753,Long,0.621327,0.243406,1,0.55,0.12
2023-04-10 14:30:00,1987.47,1988.15,1981.71,1987.47,3311,0.009999999999990905,0.632807,0.366425,0.000768,0.624771,0.374472,0.000757,Long,0.621327,0.243406,1,0.55,0.12,Short,0
2023-04-10 14:45:00,1986.21,1986.21,1986.21,1986.21,2,0.009999999999990905,0.632807,0.366425,0.000768,0.624771,0.374472,0.000757,Long,0.624771,0.250299,1,0.55,0.12
2023-04-10 14:45:00,1986.21,1987.7,1985.17,1986.21,2779,0.009999999999990905,0.634526,0.364697,0.000777,0.627697,0.371539,0.000763,Long,0.624771,0.250299,1,0.55,0.12,Long,1
2023-04-10 15:00:00,1987.63,1987.63,1987.63,1987.63,2,0.009999999999990905,0.634526,0.364697,0.000777,0.627697,0.371539,0.000763,Long,0.627697,0.256158,1,0.55,0.12
2023-04-10 15:00:00,1987.63,1989.45,1987.23,1987.63,2751,0.009999999999990905,0.638201,0.361026,0.000773,0.630849,0.368385,0.000766,Long,0.627697,0.256158,1,0.55,0.12,Long,1
2023-04-10 15:15:00,1989.16,1989.16,1989.16,1989.16,2,0.009999999999990905,0.638201,0.361026,0.000773,0.630849,0.368385,0.000766,Long,0.630849,0.262463,1,0.55,0.12
2023-04-10 15:15:00,1989.16,1990.11,1987.88,1989.16,2331,0.009999999999990905,0.634363,0.364863,0.000773,0.631903,0.367329,0.000768,Long,0.630849,0.262463,1,0.55,0.12,Long,1
2023-04-10 15:30:00,1989.17,1989.17,1989.17,1989.17,2,0.009999999999990905,0.634363,0.364863,0.000773,0.631903,0.367329,0.000768,Long,0.631903,0.264574,1,0.55,0.12
2023-04-10 15:30:00,1989.17,1989.3,1987.95,1989.17,1864,0.009999999999990905,0.636659,0.362571,0.000770,0.633330,0.365901,0.000769,Long,0.631903,0.264574,1,0.55,0.12,Short,0
2023-04-10 15:45:00,1987.98,1987.98,1987.98,1987.98,2,0.009999999999990905,0.636659,0.362571,0.000770,0.633330,0.365901,0.000769,Long,0.633330,0.267429,1,0.55,0.12
2023-04-10 15:45:00,1987.98,1989.16,1987.27,1987.98,1910,0.009999999999990905,0.642654,0.356582,0.000764,0.636127,0.363106,0.000767,Long,0.633330,0.267429,1,0.55,0.12,Long,1
2023-04-10 16:00:00,1988.65,1988.65,1988.65,1988.65,2,0.009999999999990905,0.642654,0.356582,0.000764,0.636127,0.363106,0.000767,Long,0.636127,0.273022,1,0.55,0.12
2023-04-10 16:00:00,1988.65,1989.44,1987.17,1988.65,1848,0.009999999999990905,0.656424,0.342840,0.000737,0.642216,0.357026,0.000758,Long,0.636127,0.273022,1,0.55,0.12,Short,0
2023-04-10 16:15:00,1987.84,1987.84,1987.84,1987.84,2,0.009999999999990905,0.656424,0.342840,0.000737,0.642216,0.357026,0.000758,Long,0.642216,0.285190,1,0.55,0.12
2023-04-10 16:15:00,1987.84,1988.7,1987.43,1987.84,1822,0.009999999999990905,0.669219,0.330064,0.000716,0.650317,0.348937,0.000746,Long,0.642216,0.285190,1,0.55,0.12,Short,0
2023-04-10 16:30:00,1987.47,1987.47,1987.47,1987.47,2,0.009999999999990905,0.669219,0.330064,0.000716,0.650317,0.348937,0.000746,Long,0.650317,0.301380,1,0.55,0.12
2023-04-10 16:30:00,1987.47,1988.92,1987.34,1987.47,1836,0.009999999999990905,0.690536,0.308811,0.000653,0.662383,0.336899,0.000718,Long,0.650317,0.301380,1,0.55,0.12,Long,1
2023-04-10 16:45:00,1988.87,1988.87,1988.87,1988.87,2,0.009999999999990905,0.690536,0.308811,0.000653,0.662383,0.336899,0.000718,Long,0.662383,0.325484,1,0.55,0.12
2023-04-10 16:45:00,1988.87,1990.94,1988.71,1988.87,1559,0.009999999999990905,0.715418,0.284019,0.000563,0.678293,0.321035,0.000671,Long,0.662383,0.325484,1,0.55,0.12,Long,1
2023-04-10 17:00:00,1989.74,1989.74,1989.74,1989.74,2,0.009999999999990905,0.715418,0.284019,0.000563,0.678293,0.321035,0.000671,Long,0.678293,0.357258,1,0.55,0.12
2023-04-10 17:00:00,1989.74,1991.03,1989.45,1989.74,1656,0.009999999999990905,0.731845,0.267633,0.000522,0.694359,0.305015,0.000626,Long,0.678293,0.357258,1,0.55,0.12,Long,1
2023-04-10 17:15:00,1990.47,1990.47,1990.47,1990.47,2,0.009999999999990905,0.731845,0.267633,0.000522,0.694359,0.305015,0.000626,Long,0.694359,0.389344,1,0.55,0.12
2023-04-10 17:15:00,1990.47,1991.14,1988.55,1990.47,2144,0.009999999999990905,0.751082,0.248447,0.000471,0.711376,0.288044,0.000580,Long,0.694359,0.389344,1,0.55,0.12,Short,0
2023-04-10 17:30:00,1989.03,1989.03,1989.03,1989.03,2,0.009999999999990905,0.751082,0.248447,0.000471,0.711376,0.288044,0.000580,Long,0.711376,0.423332,1,0.55,0.12
2023-04-10 17:30:00,1989.03,1989.74,1988.74,1989.03,1384,0.009999999999990905,0.768112,0.231464,0.000424,0.728397,0.271070,0.000533,Long,0.711376,0.423332,1,0.55,0.12,Long,1
2023-04-10 17:45:00,1989.33,1989.33,1989.33,1989.33,2,0.009999999999990905,0.768112,0.231464,0.000424,0.728397,0.271070,0.000533,Long,0.728397,0.457327,1,0.55,0.12
2023-04-10 17:45:00,1989.33,1989.38,1988.08,1989.33,1375,0.009999999999990905,0.781135,0.218475,0.000389,0.744218,0.255292,0.000490,Long,0.728397,0.457327,1,0.55,0.12,Short,0
2023-04-10 18:00:00,1989.03,1989.03,1989.03,1989.03,2,0.009999999999990905,0.781135,0.218475,0.000389,0.744218,0.255292,0.000490,Long,0.744218,0.488927,1,0.55,0.12
2023-04-10 18:00:00,1989.03,1989.36,1988.02,1989.03,1395,0.009999999999990905,0.781706,0.217909,0.000386,0.755465,0.244077,0.000459,Long,0.744218,0.488927,1,0.55,0.12,Short,0
2023-04-10 18:15:00,1988.3,1988.3,1988.3,1988.3,2,0.009999999999990905,0.781706,0.217909,0.000386,0.755465,0.244077,0.000459,Long,0.755465,0.511388,1,0.55,0.12
2023-04-10 18:15:00,1988.3,1988.88,1987.65,1988.3,1414,0.009999999999990905,0.788891,0.210733,0.000376,0.765492,0.234074,0.000434,Long,0.755465,0.511388,1,0.55,0.12,Long,1
2023-04-10 18:30:00,1988.64,1988.64,1988.64,1988.64,2,0.009999999999990905,0.788891,0.210733,0.000376,0.765492,0.234074,0.000434,Long,0.765492,0.531419,1,0.55,0.12
2023-04-10 18:30:00,1988.64,1988.85,1987.64,1988.64,1511,0.009999999999990905,0.782834,0.216777,0.000389,0.770695,0.228885,0.000421,Long,0.765492,0.531419,1,0.55,0.12,Short,0
2023-04-10 18:45:00,1988.4,1988.4,1988.4,1988.4,2,0.009999999999990905,0.782834,0.216777,0.000389,0.770695,0.228885,0.000421,Long,0.770695,0.541810,1,0.55,0.12
2023-04-10 18:45:00,1988.4,1990.9,1988.23,1988.4,1300,0.009999999999990905,0.774183,0.225422,0.000395,0.771741,0.227846,0.000413,Long,0.770695,0.541810,1,0.55,0.12,Long,1
2023-04-10 19:00:00,1990.5,1990.5,1990.5,1990.5,2,0.009999999999990905,0.774183,0.225422,0.000395,0.771741,0.227846,0.000413,Long,0.771741,0.543895,1,0.55,0.12
2023-04-10 19:00:00,1990.5,1990.93,1990.27,1990.5,1526,0.009999999999990905,0.773946,0.225650,0.000404,0.772403,0.227187,0.000410,Long,0.771741,0.543895,1,0.55,0.12,Long,1
2023-04-10 19:15:00,1990.82,1990.82,1990.82,1990.82,2,0.009999999999990905,0.773946,0.225650,0.000404,0.772403,0.227187,0.000410,Long,0.772403,0.545216,1,0.55,0.12
2023-04-10 19:15:00,1990.82,1991.09,1990.28,1990.82,1285,0.009999999999990905,0.765646,0.233949,0.000406,0.770376,0.229216,0.000409,Long,0.772403,0.545216,1,0.55,0.12,Long,1
2023-04-10 19:30:00,1990.85,1990.85,1990.85,1990.85,2,0.009999999999990905,0.765646,0.233949,0.000406,0.770376,0.229216,0.000409,Long,0.770376,0.541160,1,0.55,0.12
2023-04-10 19:30:00,1990.85,1992.86,1990.68,1990.85,1098,0.009999999999990905,0.760738,0.238861,0.000401,0.767484,0.232109,0.000406,Long,0.770376,0.541160,1,0.55,0.12,Long,1
2023-04-10 19:45:00,1992.69,1992.69,1992.69,1992.69,2,0.009999999999990905,0.760738,0.238861,0.000401,0.767484,0.232109,0.000406,Long,0.767484,0.535375,1,0.55,0.12
2023-04-10 19:45:00,1992.69,1992.76,1991.33,1992.69,1170,0.009999999999990905,0.758261,0.241349,0.000390,0.764717,0.234881,0.000401,Long,0.767484,0.535375,1,0.55,0.12,Short,0
2023-04-10 20:00:00,1991.56,1991.56,1991.56,1991.56,2,0.009999999999990905,0.758261,0.241349,0.000390,0.764717,0.234881,0.000401,Long,0.764717,0.529836,1,0.55,0.12
2023-04-10 20:00:00,1991.56,1991.71,1991.12,1991.56,373,0.009999999999990905,0.758210,0.241397,0.000393,0.762765,0.236836,0.000399,Long,0.764717,0.529836,1,0.55,0.12,Short,0
2023-04-10 20:15:00,1991.26,1991.26,1991.26,1991.26,2,0.009999999999990905,0.758210,0.241397,0.000393,0.762765,0.236836,0.000399,Long,0.762765,0.525929,1,0.55,0.12
2023-04-10 20:15:00,1991.26,1991.7,1990.82,1991.26,340,0.009999999999990905,0.759960,0.239665,0.000375,0.761924,0.237685,0.000392,Long,0.762765,0.525929,1,0.55,0.12,Long,1
2023-04-10 20:30:00,1991.56,1991.56,1991.56,1991.56,2,0.009999999999990905,0.759960,0.239665,0.000375,0.761924,0.237685,0.000392,Long,0.761924,0.524239,1,0.55,0.12
2023-04-10 20:30:00,1991.56,1991.72,1990.82,1991.56,269,0.009999999999990905,0.765894,0.233721,0.000385,0.763115,0.236495,0.000390,Long,0.761924,0.524239,1,0.55,0.12,Short,0
2023-04-10 20:45:00,1991.08,1991.08,1991.08,1991.08,2,0.009999999999990905,0.765894,0.233721,0.000385,0.763115,0.236495,0.000390,Long,0.763115,0.526619,1,0.55,0.12
2023-04-10 20:45:00,1991.08,1991.6,1991.08,1991.08,230,0.009999999999990905,0.770086,0.229488,0.000426,0.765206,0.234393,0.000401,Long,0.763115,0.526619,1,0.55,0.12,Long,1
2023-04-10 22:00:00,1991.23,1991.23,1991.23,1991.23,2,0.009999999999990905,0.770086,0.229488,0.000426,0.765206,0.234393,0.000401,Long,0.765206,0.530813,1,0.55,0.12
2023-04-10 22:00:00,1991.23,1991.52,1990.36,1991.23,565,0.009999999999990905,0.771239,0.228337,0.000424,0.767016,0.232576,0.000408,Long,0.765206,0.530813,1,0.55,0.12,Short,0
2023-04-10 22:15:00,1990.59,1990.59,1990.59,1990.59,2,0.009999999999990905,0.771239,0.228337,0.000424,0.767016,0.232576,0.000408,Long,0.767016,0.534440,1,0.55,0.12
2023-04-10 22:15:00,1990.59,1991.24,1990.59,1990.59,240,0.009999999999990905,0.771132,0.228412,0.000456,0.768251,0.231327,0.000422,Long,0.767016,0.534440,1,0.55,0.12,Long,1
2023-04-10 22:30:00,1990.74,1990.74,1990.74,1990.74,2,0.009999999999990905,0.771132,0.228412,0.000456,0.768251,0.231327,0.000422,Long,0.768251,0.536924,1,0.55,0.12
2023-04-10 22:30:00,1990.74,1991.3,1990.56,1990.74,316,0.009999999999990905,0.764757,0.234757,0.000486,0.767203,0.232356,0.000441,Long,0.768251,0.536924,1,0.55,0.12,Long,1
2023-04-10 22:45:00,1991.17,1991.17,1991.17,1991.17,2,0.009999999999990905,0.764757,0.234757,0.000486,0.767203,0.232356,0.000441,Long,0.767203,0.534846,1,0.55,0.12
2023-04-10 22:45:00,1991.17,1991.5,1990.98,1991.17,180,0.009999999999990905,0.757560,0.241928,0.000512,0.764310,0.235228,0.000462,Long,0.767203,0.534846,1,0.55,0.12,Long,1
2023-04-10 23:00:00,1991.4,1991.4,1991.4,1991.4,2,0.009999999999990905,0.757560,0.241928,0.000512,0.764310,0.235228,0.000462,Long,0.764310,0.529082,1,0.55,0.12
2023-04-10 23:00:00,1991.4,1991.48,1991.09,1991.4,196,0.009999999999990905,0.750583,0.248909,0.000507,0.760192,0.239332,0.000476,Long,0.764310,0.529082,1,0.55,0.12,Short,0
2023-04-10 23:15:00,1991.38,1991.38,1991.38,1991.38,2,0.009999999999990905,0.750583,0.248909,0.000507,0.760192,0.239332,0.000476,Long,0.760192,0.520860,1,0.55,0.12
2023-04-10 23:15:00,1991.38,1992.28,1991.38,1991.38,231,0.009999999999990905,0.742605,0.256892,0.000503,0.754916,0.244600,0.000484,Long,0.760192,0.520860,1,0.55,0.12,Long,1
2023-04-10 23:30:00,1992.18,1992.18,1992.18,1992.18,2,0.009999999999990905,0.742605,0.256892,0.000503,0.754916,0.244600,0.000484,Long,0.754916,0.510316,1,0.55,0.12
2023-04-10 23:30:00,1992.18,1992.57,1991.72,1992.18,528,0.009999999999990905,0.734701,0.264802,0.000497,0.748851,0.250661,0.000488,Long,0.754916,0.510316,1,0.55,0.12,Short,0
2023-04-10 23:45:00,1991.9,1991.9,1991.9,1991.9,2,0.009999999999990905,0.734701,0.264802,0.000497,0.748851,0.250661,0.000488,Long,0.748851,0.498191,1,0.55,0.12
