p,d,rows_total,accepted_rows,acceptance_rate,accuracy_on_accepted,pf_rr1
0.5,0.05,272957,266227,0.975344,0.250899,0.334933
0.5,0.07,272957,263697,0.966075,0.250826,0.334803
0.5,0.09,272957,261201,0.956931,0.250868,0.334878
0.5,0.11,272957,258805,0.948153,0.250895,0.334927
0.5,0.13,272957,256191,0.938576,0.250883,0.334905
0.5,0.15,272957,253513,0.928765,0.250883,0.334904
0.5,0.17,272957,250609,0.918126,0.250873,0.334887
0.5,0.19,272957,247849,0.908015,0.25077,0.334703
0.5,0.21,272957,244751,0.896665,0.250839,0.334826
0.5,0.23,272957,241611,0.885161,0.2508,0.334757
0.5,0.25,272957,238085,0.872244,0.250931,0.334991
0.52,0.05,272957,266227,0.975344,0.250899,0.334933
0.52,0.07,272957,263697,0.966075,0.250826,0.334803
0.52,0.09,272957,261201,0.956931,0.250868,0.334878
0.52,0.11,272957,258805,0.948153,0.250895,0.334927
0.52,0.13,272957,256191,0.938576,0.250883,0.334905
0.52,0.15,272957,253513,0.928765,0.250883,0.334904
0.52,0.17,272957,250609,0.918126,0.250873,0.334887
0.52,0.19,272957,247849,0.908015,0.25077,0.334703
0.52,0.21,272957,244751,0.896665,0.250839,0.334826
0.52,0.23,272957,241611,0.885161,0.2508,0.334757
0.52,0.25,272957,238085,0.872244,0.250931,0.334991
0.54,0.05,272957,262391,0.961291,0.250878,0.334895
0.54,0.07,272957,262391,0.961291,0.250878,0.334895
0.54,0.09,272957,261201,0.956931,0.250868,0.334878
0.54,0.11,272957,258805,0.948153,0.250895,0.334927
0.54,0.13,272957,256191,0.938576,0.250883,0.334905
0.54,0.15,272957,253513,0.928765,0.250883,0.334904
0.54,0.17,272957,250609,0.918126,0.250873,0.334887
0.54,0.19,272957,247849,0.908015,0.25077,0.334703
0.54,0.21,272957,244751,0.896665,0.250839,0.334826
0.54,0.23,272957,241611,0.885161,0.2508,0.334757
0.54,0.25,272957,238085,0.872244,0.250931,0.334991
0.56,0.05,272957,257497,0.943361,0.250962,0.335046
0.56,0.07,272957,257497,0.943361,0.250962,0.335046
0.56,0.09,272957,257497,0.943361,0.250962,0.335046
0.56,0.11,272957,257497,0.943361,0.250962,0.335046
0.56,0.13,272957,256191,0.938576,0.250883,0.334905
0.56,0.15,272957,253513,0.928765,0.250883,0.334904
0.56,0.17,272957,250609,0.918126,0.250873,0.334887
0.56,0.19,272957,247849,0.908015,0.25077,0.334703
0.56,0.21,272957,244751,0.896665,0.250839,0.334826
0.56,0.23,272957,241611,0.885161,0.2508,0.334757
0.56,0.25,272957,238085,0.872244,0.250931,0.334991
0.58,0.05,272957,252063,0.923453,0.250902,0.334938
0.58,0.07,272957,252063,0.923453,0.250902,0.334938
0.58,0.09,272957,252063,0.923453,0.250902,0.334938
0.58,0.11,272957,252063,0.923453,0.250902,0.334938
0.58,0.13,272957,252063,0.923453,0.250902,0.334938
0.58,0.15,272957,252063,0.923453,0.250902,0.334938
0.58,0.17,272957,250609,0.918126,0.250873,0.334887
0.58,0.19,272957,247849,0.908015,0.25077,0.334703
0.58,0.21,272957,244751,0.896665,0.250839,0.334826
0.58,0.23,272957,241611,0.885161,0.2508,0.334757
0.58,0.25,272957,238085,0.872244,0.250931,0.334991
0.6,0.05,272957,246275,0.902248,0.250712,0.3346
0.6,0.07,272957,246275,0.902248,0.250712,0.3346
0.6,0.09,272957,246275,0.902248,0.250712,0.3346
0.6,0.11,272957,246275,0.902248,0.250712,0.3346
0.6,0.13,272957,246275,0.902248,0.250712,0.3346
0.6,0.15,272957,246275,0.902248,0.250712,0.3346
0.6,0.17,272957,246275,0.902248,0.250712,0.3346
0.6,0.19,272957,246275,0.902248,0.250712,0.3346
0.6,0.21,272957,244751,0.896665,0.250839,0.334826
0.6,0.23,272957,241611,0.885161,0.2508,0.334757
0.6,0.25,272957,238085,0.872244,0.250931,0.334991
0.62,0.05,272957,239849,0.878706,0.250841,0.33483
0.62,0.07,272957,239849,0.878706,0.250841,0.33483
0.62,0.09,272957,239849,0.878706,0.250841,0.33483
0.62,0.11,272957,239849,0.878706,0.250841,0.33483
0.62,0.13,272957,239849,0.878706,0.250841,0.33483
0.62,0.15,272957,239849,0.878706,0.250841,0.33483
0.62,0.17,272957,239849,0.878706,0.250841,0.33483
0.62,0.19,272957,239849,0.878706,0.250841,0.33483
0.62,0.21,272957,239849,0.878706,0.250841,0.33483
0.62,0.23,272957,239849,0.878706,0.250841,0.33483
0.62,0.25,272957,238085,0.872244,0.250931,0.334991
0.64,0.05,272957,232411,0.851456,0.250905,0.334944
0.64,0.07,272957,232411,0.851456,0.250905,0.334944
0.64,0.09,272957,232411,0.851456,0.250905,0.334944
0.64,0.11,272957,232411,0.851456,0.250905,0.334944
0.64,0.13,272957,232411,0.851456,0.250905,0.334944
0.64,0.15,272957,232411,0.851456,0.250905,0.334944
0.64,0.17,272957,232411,0.851456,0.250905,0.334944
0.64,0.19,272957,232411,0.851456,0.250905,0.334944
0.64,0.21,272957,232411,0.851456,0.250905,0.334944
0.64,0.23,272957,232411,0.851456,0.250905,0.334944
0.64,0.25,272957,232411,0.851456,0.250905,0.334944
0.66,0.05,272957,222919,0.816682,0.251114,0.335316
0.66,0.07,272957,222919,0.816682,0.251114,0.335316
0.66,0.09,272957,222919,0.816682,0.251114,0.335316
0.66,0.11,272957,222919,0.816682,0.251114,0.335316
0.66,0.13,272957,222919,0.816682,0.251114,0.335316
0.66,0.15,272957,222919,0.816682,0.251114,0.335316
0.66,0.17,272957,222919,0.816682,0.251114,0.335316
0.66,0.19,272957,222919,0.816682,0.251114,0.335316
0.66,0.21,272957,222919,0.816682,0.251114,0.335316
0.66,0.23,272957,222919,0.816682,0.251114,0.335316
0.66,0.25,272957,222919,0.816682,0.251114,0.335316
0.68,0.05,272957,210103,0.769729,0.250948,0.335021
0.68,0.07,272957,210103,0.769729,0.250948,0.335021
0.68,0.09,272957,210103,0.769729,0.250948,0.335021
0.68,0.11,272957,210103,0.769729,0.250948,0.335021
0.68,0.13,272957,210103,0.769729,0.250948,0.335021
0.68,0.15,272957,210103,0.769729,0.250948,0.335021
0.68,0.17,272957,210103,0.769729,0.250948,0.335021
0.68,0.19,272957,210103,0.769729,0.250948,0.335021
0.68,0.21,272957,210103,0.769729,0.250948,0.335021
0.68,0.23,272957,210103,0.769729,0.250948,0.335021
0.68,0.25,272957,210103,0.769729,0.250948,0.335021
0.7,0.05,272957,192857,0.706547,0.251285,0.335621
0.7,0.07,272957,192857,0.706547,0.251285,0.335621
0.7,0.09,272957,192857,0.706547,0.251285,0.335621
0.7,0.11,272957,192857,0.706547,0.251285,0.335621
0.7,0.13,272957,192857,0.706547,0.251285,0.335621
0.7,0.15,272957,192857,0.706547,0.251285,0.335621
0.7,0.17,272957,192857,0.706547,0.251285,0.335621
0.7,0.19,272957,192857,0.706547,0.251285,0.335621
0.7,0.21,272957,192857,0.706547,0.251285,0.335621
0.7,0.23,272957,192857,0.706547,0.251285,0.335621
0.7,0.25,272957,192857,0.706547,0.251285,0.335621
0.72,0.05,272957,170857,0.625948,0.251503,0.33601
0.72,0.07,272957,170857,0.625948,0.251503,0.33601
0.72,0.09,272957,170857,0.625948,0.251503,0.33601
0.72,0.11,272957,170857,0.625948,0.251503,0.33601
0.72,0.13,272957,170857,0.625948,0.251503,0.33601
0.72,0.15,272957,170857,0.625948,0.251503,0.33601
0.72,0.17,272957,170857,0.625948,0.251503,0.33601
0.72,0.19,272957,170857,0.625948,0.251503,0.33601
0.72,0.21,272957,170857,0.625948,0.251503,0.33601
0.72,0.23,272957,170857,0.625948,0.251503,0.33601
0.72,0.25,272957,170857,0.625948,0.251503,0.33601
0.74,0.05,272957,139821,0.512246,0.252122,0.337117
0.74,0.07,272957,139821,0.512246,0.252122,0.337117
0.74,0.09,272957,139821,0.512246,0.252122,0.337117
0.74,0.11,272957,139821,0.512246,0.252122,0.337117
0.74,0.13,272957,139821,0.512246,0.252122,0.337117
0.74,0.15,272957,139821,0.512246,0.252122,0.337117
0.74,0.17,272957,139821,0.512246,0.252122,0.337117
0.74,0.19,272957,139821,0.512246,0.252122,0.337117
0.74,0.21,272957,139821,0.512246,0.252122,0.337117
0.74,0.23,272957,139821,0.512246,0.252122,0.337117
0.74,0.25,272957,139821,0.512246,0.252122,0.337117
0.76,0.05,272957,98109,0.35943,0.251088,0.335271
0.76,0.07,272957,98109,0.35943,0.251088,0.335271
0.76,0.09,272957,98109,0.35943,0.251088,0.335271
0.76,0.11,272957,98109,0.35943,0.251088,0.335271
0.76,0.13,272957,98109,0.35943,0.251088,0.335271
0.76,0.15,272957,98109,0.35943,0.251088,0.335271
0.76,0.17,272957,98109,0.35943,0.251088,0.335271
0.76,0.19,272957,98109,0.35943,0.251088,0.335271
0.76,0.21,272957,98109,0.35943,0.251088,0.335271
0.76,0.23,272957,98109,0.35943,0.251088,0.335271
0.76,0.25,272957,98109,0.35943,0.251088,0.335271
0.78,0.05,272957,53841,0.197251,0.251946,0.336801
0.78,0.07,272957,53841,0.197251,0.251946,0.336801
0.78,0.09,272957,53841,0.197251,0.251946,0.336801
0.78,0.11,272957,53841,0.197251,0.251946,0.336801
0.78,0.13,272957,53841,0.197251,0.251946,0.336801
0.78,0.15,272957,53841,0.197251,0.251946,0.336801
0.78,0.17,272957,53841,0.197251,0.251946,0.336801
0.78,0.19,272957,53841,0.197251,0.251946,0.336801
0.78,0.21,272957,53841,0.197251,0.251946,0.336801
0.78,0.23,272957,53841,0.197251,0.251946,0.336801
0.78,0.25,272957,53841,0.197251,0.251946,0.336801
0.8,0.05,272957,16245,0.059515,0.253801,0.340125
0.8,0.07,272957,16245,0.059515,0.253801,0.340125
0.8,0.09,272957,16245,0.059515,0.253801,0.340125
0.8,0.11,272957,16245,0.059515,0.253801,0.340125
0.8,0.13,272957,16245,0.059515,0.253801,0.340125
0.8,0.15,272957,16245,0.059515,0.253801,0.340125
0.8,0.17,272957,16245,0.059515,0.253801,0.340125
0.8,0.19,272957,16245,0.059515,0.253801,0.340125
0.8,0.21,272957,16245,0.059515,0.253801,0.340125
0.8,0.23,272957,16245,0.059515,0.253801,0.340125
0.8,0.25,272957,16245,0.059515,0.253801,0.340125
0.82,0.05,272957,4280,0.01568,0.243692,0.322212
0.82,0.07,272957,4280,0.01568,0.243692,0.322212
0.82,0.09,272957,4280,0.01568,0.243692,0.322212
0.82,0.11,272957,4280,0.01568,0.243692,0.322212
0.82,0.13,272957,4280,0.01568,0.243692,0.322212
0.82,0.15,272957,4280,0.01568,0.243692,0.322212
0.82,0.17,272957,4280,0.01568,0.243692,0.322212
0.82,0.19,272957,4280,0.01568,0.243692,0.322212
0.82,0.21,272957,4280,0.01568,0.243692,0.322212
0.82,0.23,272957,4280,0.01568,0.243692,0.322212
0.82,0.25,272957,4280,0.01568,0.243692,0.322212
0.84,0.05,272957,1270,0.004653,0.249606,0.332634
0.84,0.07,272957,1270,0.004653,0.249606,0.332634
0.84,0.09,272957,1270,0.004653,0.249606,0.332634
0.84,0.11,272957,1270,0.004653,0.249606,0.332634
0.84,0.13,272957,1270,0.004653,0.249606,0.332634
0.84,0.15,272957,1270,0.004653,0.249606,0.332634
0.84,0.17,272957,1270,0.004653,0.249606,0.332634
0.84,0.19,272957,1270,0.004653,0.249606,0.332634
0.84,0.21,272957,1270,0.004653,0.249606,0.332634
0.84,0.23,272957,1270,0.004653,0.249606,0.332634
0.84,0.25,272957,1270,0.004653,0.249606,0.332634
0.86,0.05,272957,308,0.001128,0.256494,0.344978
0.86,0.07,272957,308,0.001128,0.256494,0.344978
0.86,0.09,272957,308,0.001128,0.256494,0.344978
0.86,0.11,272957,308,0.001128,0.256494,0.344978
0.86,0.13,272957,308,0.001128,0.256494,0.344978
0.86,0.15,272957,308,0.001128,0.256494,0.344978
0.86,0.17,272957,308,0.001128,0.256494,0.344978
0.86,0.19,272957,308,0.001128,0.256494,0.344978
0.86,0.21,272957,308,0.001128,0.256494,0.344978
0.86,0.23,272957,308,0.001128,0.256494,0.344978
0.86,0.25,272957,308,0.001128,0.256494,0.344978
0.88,0.05,272957,38,0.000139,0.157895,0.1875
0.88,0.07,272957,38,0.000139,0.157895,0.1875
0.88,0.09,272957,38,0.000139,0.157895,0.1875
0.88,0.11,272957,38,0.000139,0.157895,0.1875
0.88,0.13,272957,38,0.000139,0.157895,0.1875
0.88,0.15,272957,38,0.000139,0.157895,0.1875
0.88,0.17,272957,38,0.000139,0.157895,0.1875
0.88,0.19,272957,38,0.000139,0.157895,0.1875
0.88,0.21,272957,38,0.000139,0.157895,0.1875
0.88,0.23,272957,38,0.000139,0.157895,0.1875
0.88,0.25,272957,38,0.000139,0.157895,0.1875
0.9,0.05,272957,0,0.0,0.0,0.0
0.9,0.07,272957,0,0.0,0.0,0.0
0.9,0.09,272957,0,0.0,0.0,0.0
0.9,0.11,272957,0,0.0,0.0,0.0
0.9,0.13,272957,0,0.0,0.0,0.0
0.9,0.15,272957,0,0.0,0.0,0.0
0.9,0.17,272957,0,0.0,0.0,0.0
0.9,0.19,272957,0,0.0,0.0,0.0
0.9,0.21,272957,0,0.0,0.0,0.0
0.9,0.23,272957,0,0.0,0.0,0.0
0.9,0.25,272957,0,0.0,0.0,0.0
0.92,0.05,272957,0,0.0,0.0,0.0
0.92,0.07,272957,0,0.0,0.0,0.0
0.92,0.09,272957,0,0.0,0.0,0.0
0.92,0.11,272957,0,0.0,0.0,0.0
0.92,0.13,272957,0,0.0,0.0,0.0
0.92,0.15,272957,0,0.0,0.0,0.0
0.92,0.17,272957,0,0.0,0.0,0.0
0.92,0.19,272957,0,0.0,0.0,0.0
0.92,0.21,272957,0,0.0,0.0,0.0
0.92,0.23,272957,0,0.0,0.0,0.0
0.92,0.25,272957,0,0.0,0.0,0.0
0.94,0.05,272957,0,0.0,0.0,0.0
0.94,0.07,272957,0,0.0,0.0,0.0
0.94,0.09,272957,0,0.0,0.0,0.0
0.94,0.11,272957,0,0.0,0.0,0.0
0.94,0.13,272957,0,0.0,0.0,0.0
0.94,0.15,272957,0,0.0,0.0,0.0
0.94,0.17,272957,0,0.0,0.0,0.0
0.94,0.19,272957,0,0.0,0.0,0.0
0.94,0.21,272957,0,0.0,0.0,0.0
0.94,0.23,272957,0,0.0,0.0,0.0
0.94,0.25,272957,0,0.0,0.0,0.0
